Label,Curtailment
emissions0,0.5212968159306501
emissions_TES0,0.5129254887194612
base,0.3867990386709914
