,Name,Dispatch
0,0,79282.50555636612
1,1,76699.76764716355
2,2,82027.87612429343
3,3,78844.01618564123
4,4,82200.0265829268
