,Name,EnergyCapacity
0,0,2441.2507471445642
1,1,2441.250747790891
2,2,2518.852055692795
3,3,2518.8520572287334
4,4,2518.852059958296
