Label,Solar,Wind,Coal,TES,Li-ion
/CEM_emissions_TES_flat0,17909.84719885119,5370.445756728789,0.0,329.4105846280927,4999.110484086799
