,Name,EnergyCapacity
0,0,2439.024390243896
1,1,2439.024390243896
2,2,2439.024390243896
3,3,2439.024390243896
4,4,2439.024390243896
5,5,2439.024390243896
6,6,3775.6192096868767
7,7,5997.492256404647
8,8,7572.655369146095
9,9,8847.665600223021
